customer_id,total_spend,order_count,last_order,recency,cluster
1001,841.381178072244,4,2023-09-12,525,2
1002,706.672404584228,2,2023-11-17,459,2
1003,1113.8363971220058,3,2023-11-08,468,2
1004,181.89799167437576,1,2023-01-11,769,1
1005,2100.9042344962622,7,2023-08-21,547,0
1006,887.6186899045389,4,2023-11-18,458,2
1007,648.1289720934385,3,2023-12-29,417,2
1008,1337.3056267133197,4,2023-12-23,423,2
1009,2601.821890188516,11,2023-12-30,416,0
1010,1474.5894332430694,8,2023-09-21,516,0
1011,1573.4770165085697,6,2023-10-14,493,0
1012,1686.7503585912582,7,2023-11-03,473,0
1013,1046.2352402525196,4,2023-12-31,415,2
1014,1555.9651903662425,7,2023-11-10,466,0
1015,1033.9291462961196,5,2023-12-12,434,2
1016,1312.4302232879363,5,2023-09-30,507,2
1017,2986.732973099488,8,2023-08-22,546,0
1018,1053.8510186405379,4,2023-09-04,533,2
1019,1981.88439995922,6,2023-11-24,452,0
1020,1759.9394194326615,7,2023-12-30,416,0
1021,997.592193908432,4,2023-11-10,466,2
1022,2678.659338342786,11,2023-11-30,446,0
1023,1628.4248974587308,8,2023-12-13,433,0
1024,1022.8106137669427,3,2023-08-28,540,1
1025,1466.8405736363845,5,2023-12-08,438,2
1026,1500.7967606481752,6,2023-11-10,466,0
1027,2221.0247940301833,8,2023-11-28,448,0
1028,512.7579881241005,2,2023-12-17,429,2
1029,422.2442055929057,4,2023-11-01,475,2
1030,1052.8619313419879,5,2023-11-17,459,2
1031,1345.674664718979,5,2023-09-08,529,2
1032,720.8150424747007,4,2023-12-26,420,2
1033,2100.9933389176776,10,2023-12-31,415,0
1034,458.9875381017123,3,2023-12-21,425,2
1035,112.3912935542944,1,2023-10-23,484,1
1036,2174.333544345671,6,2023-09-29,508,0
1037,768.1054897097854,4,2023-08-07,561,1
1038,979.4750155234515,5,2023-12-10,436,2
1039,964.506246903159,4,2023-11-19,457,2
1040,707.0189067584952,3,2023-11-08,468,2
1041,479.16589856468977,2,2023-02-25,724,1
1042,934.0523791029302,4,2023-10-20,487,2
1043,2505.568431802326,10,2023-12-01,445,0
1044,425.2561037123766,3,2023-09-20,517,1
1045,2016.3050764066197,8,2023-12-17,429,0
1046,824.7713277770199,3,2023-11-24,452,2
1047,209.59183115149938,2,2023-12-22,424,2
1048,1055.3942426993458,5,2023-12-27,419,2
1049,1398.4377167857813,4,2023-12-22,424,2
1050,1666.1807455162707,7,2023-11-06,470,0
1051,800.6343905384464,4,2023-10-15,492,2
1052,1540.416122163658,5,2023-10-20,487,2
1053,2195.096669597506,8,2023-12-28,418,0
1054,1261.1092414839172,5,2023-10-01,506,2
1055,1597.7643727304835,6,2023-09-16,521,0
1056,1782.9043447869578,8,2023-11-12,464,0
1057,1667.002600423347,6,2023-12-31,415,0
1058,1648.419887721464,6,2023-12-16,430,0
1059,1052.8484585797362,4,2023-10-10,497,2
1060,318.2933079326958,2,2023-11-14,462,2
1061,1747.178089672229,9,2023-12-15,431,0
1062,1756.983766971673,8,2023-12-13,433,0
1063,2809.039725495473,10,2023-10-20,487,0
1064,585.4974625632664,3,2023-10-03,504,2
1065,1020.5365249869984,3,2023-06-26,603,1
1066,881.7917134522968,4,2023-10-24,483,2
1067,782.5102717259807,4,2023-07-26,573,1
1068,1119.5566921548545,5,2023-12-24,422,2
1069,1856.7244525915323,7,2023-12-15,431,0
1070,2333.747969734265,8,2023-12-25,421,0
1071,414.0836139816915,2,2023-11-20,456,2
1072,2238.7340959609865,7,2023-12-13,433,0
1073,45.173397729538266,2,2023-10-02,505,1
1074,910.4263741954285,3,2023-11-06,470,2
1075,791.9491093621795,3,2023-08-15,553,1
1076,944.2270444443545,3,2023-12-11,435,2
1077,1066.198108143846,5,2023-12-30,416,2
1078,1259.8824655335668,6,2023-12-13,433,2
1079,1147.5879161138512,4,2023-10-25,482,2
1080,1389.5130240680205,3,2023-10-05,502,2
1081,427.0471090178847,2,2023-03-20,701,1
1082,381.7374158370662,4,2023-11-06,470,2
1083,513.7241141233218,4,2023-12-04,442,2
1084,1537.3735428253822,5,2023-11-04,472,2
1085,1014.4667861311307,3,2023-10-21,486,2
1086,1232.217459807293,6,2023-09-07,530,2
1087,1871.3302973630498,8,2023-08-20,548,0
1088,570.1989308948777,4,2023-12-08,438,2
1089,1291.3859684557697,6,2023-11-07,469,2
1090,1169.9719710389484,6,2023-12-17,429,2
1091,527.0871453925272,2,2023-07-13,586,1
1092,85.94810878683226,2,2023-06-27,602,1
1093,1839.875167585765,6,2023-12-18,428,0
1094,1506.4750302609161,6,2023-12-16,430,0
1095,2109.0954806436575,10,2023-11-29,447,0
1096,1344.377080680573,6,2023-08-04,564,2
1097,937.5308762807526,3,2023-12-31,415,2
1098,1562.7748262351256,5,2023-11-21,455,2
1099,1459.0486023023755,5,2023-07-08,591,1
1100,566.3973727577254,2,2023-11-27,449,2
1101,1631.1367715932242,6,2023-08-18,550,0
1102,1239.7497593046835,6,2023-10-19,488,2
1103,554.4860406017725,2,2023-10-29,478,2
1104,1112.5784541828011,5,2023-12-28,418,2
1105,1481.4519810160944,5,2023-03-28,693,1
1106,1201.6485839357151,4,2023-12-01,445,2
1107,729.5403988887629,3,2023-08-10,558,1
1108,869.1971614785567,2,2023-09-20,517,1
1109,1289.0273332120337,5,2023-08-01,567,1
1110,395.5575705937632,2,2023-06-26,603,1
1111,801.2787995667396,5,2023-12-25,421,2
1112,1477.5122447884546,7,2023-08-25,543,0
1113,1983.3431844027987,7,2023-12-07,439,0
1114,573.7917567589251,3,2023-11-18,458,2
1115,1508.7262330113674,5,2023-12-15,431,2
1116,1866.6377284699693,5,2023-12-10,436,0
1117,2414.9480560885236,7,2023-06-12,617,0
1118,3059.8541512909915,10,2023-12-12,434,0
1119,1999.2563598122322,9,2023-10-21,486,0
1120,1675.3761303094516,4,2023-10-15,492,2
1121,1653.8305907427339,4,2023-10-23,484,2
1122,558.0018502351486,2,2023-01-19,761,1
1123,1423.3818743660097,7,2023-11-30,446,0
1124,1752.8835620799714,7,2023-12-31,415,0
1125,1080.6789322260825,6,2023-12-13,433,2
1126,1427.3042336938897,8,2023-12-11,435,0
1127,855.8851363247251,4,2023-10-08,499,2
1128,574.5263782957446,2,2023-10-09,498,2
1129,743.6727995827323,3,2023-07-20,579,1
1130,1892.3442938975898,7,2023-11-27,449,0
1131,1642.0461998399867,6,2023-11-27,449,0
1132,2031.8895667611794,7,2023-06-18,611,0
1133,1982.0213222317132,8,2023-11-19,457,0
1134,849.8578402774006,5,2023-11-24,452,2
1135,1351.6812803790344,4,2023-10-19,488,2
1136,1077.0493598687974,4,2023-12-25,421,2
1137,1207.4838410656353,4,2023-12-26,420,2
1138,1535.1525227916923,5,2023-10-07,500,2
1139,1319.784238183846,4,2023-10-19,488,2
1140,1626.9467575912588,5,2023-11-02,474,2
1141,1101.430744471163,4,2023-07-30,569,1
1142,1376.8198522237906,5,2023-09-29,508,2
1143,2665.6283423071623,9,2023-11-21,455,0
1144,1594.6159320817417,7,2023-10-07,500,0
1145,2135.415048943022,6,2023-12-09,437,0
1146,1364.1197814877628,4,2023-11-17,459,2
1147,1127.7336040519658,5,2023-11-13,463,2
1148,1563.6538972106698,6,2023-11-22,454,0
1149,1117.4512795635878,4,2023-04-18,672,1
1150,502.17778328542437,2,2023-08-16,552,1
1151,1653.3971777621737,5,2023-12-10,436,2
1152,1445.6043039455678,5,2023-06-15,614,1
1153,540.1095160411983,3,2023-10-01,506,2
1154,242.8560882424993,2,2023-12-12,434,2
1155,294.065387791364,1,2023-05-20,640,1
1156,1270.6387300862648,5,2023-12-17,429,2
1157,765.238737811217,3,2023-06-25,604,1
1158,1314.5325532089328,5,2023-12-06,440,2
1159,1363.1635472076011,5,2023-12-26,420,2
1160,345.58735911610336,3,2023-09-08,529,1
1161,3814.5416929949097,13,2023-12-03,443,0
1162,1456.921658208994,7,2023-10-06,501,0
1163,948.6440075064568,3,2023-11-29,447,2
1164,2785.519746408681,8,2023-12-27,419,0
1165,517.4925742264127,3,2023-09-20,517,1
1166,1636.0741066682,7,2023-11-17,459,0
1167,2052.089554865241,8,2023-11-15,461,0
1168,2607.0118902915733,10,2023-12-09,437,0
1169,89.24920374805764,1,2023-06-11,618,1
1170,797.3537709794377,4,2023-12-26,420,2
1171,1452.9450317758703,4,2023-12-24,422,2
1172,1412.7943815325948,4,2023-07-16,583,1
1173,994.732260844002,4,2023-10-27,480,2
1174,1447.5778008470234,6,2023-12-18,428,2
1175,680.5104399539204,2,2023-10-22,485,2
1176,201.0833587151533,1,2023-03-23,698,1
1177,1489.3890517487278,8,2023-12-01,445,0
1178,1444.8066655024804,5,2023-10-24,483,2
1179,1325.1913278828497,4,2023-08-25,543,2
1180,1035.4663881785523,3,2023-07-03,596,1
1181,435.83971398601864,2,2023-12-06,440,2
1182,2054.182140586923,7,2023-08-04,564,0
1183,1059.1828700602039,5,2023-11-01,475,2
1184,616.3852088088495,5,2023-11-12,464,2
1185,1779.8668534308176,6,2023-11-17,459,0
1186,1792.579329263508,7,2023-11-21,455,0
1187,876.7141750413971,3,2023-06-24,605,1
1188,1084.230356947635,4,2023-09-17,520,2
1189,1752.5734623202266,6,2023-11-17,459,0
1190,934.3804572608586,3,2023-12-23,423,2
1191,494.48856659976974,3,2023-12-13,433,2
1192,372.3056886452711,2,2023-09-19,518,1
1193,2465.0569204171843,12,2023-12-31,415,0
1194,1722.2306847125583,9,2023-12-25,421,0
1195,2388.7591973704793,8,2023-10-04,503,0
1196,40.54965036483674,1,2023-08-31,537,1
1197,1443.56611646681,7,2023-11-12,464,0
1198,409.5284776839726,5,2023-10-20,487,2
1199,306.93154534104065,3,2023-09-13,524,1
1200,3331.4805743765755,11,2023-12-13,433,0
1201,506.03267673447596,2,2023-12-05,441,2
1202,1732.570272675705,7,2023-11-14,462,0
1203,473.8207680920157,3,2023-12-02,444,2
1204,818.7748424986742,4,2023-10-26,481,2
1205,610.1338308266148,5,2023-11-07,469,2
1206,1443.959330097375,5,2023-12-01,445,2
1207,1008.9163321299598,3,2023-11-19,457,2
1208,919.160360347825,4,2023-07-12,587,1
1209,1445.5836054810156,7,2023-12-15,431,0
1210,1345.671692782582,5,2023-12-05,441,2
1211,2332.205751597925,9,2023-12-29,417,0
1212,293.24062762697554,3,2023-08-25,543,1
1213,1438.1777570013726,6,2023-12-02,444,2
1214,709.3609586457358,4,2023-10-10,497,2
1215,173.64839607370496,1,2023-01-21,759,1
1216,915.9575217145434,4,2023-09-13,524,2
1217,1502.335713923806,4,2023-10-02,505,2
1218,424.1425856499319,2,2023-12-21,425,2
1219,1431.7433624124055,6,2023-12-31,415,2
1220,1020.0612693643873,7,2023-10-25,482,2
1221,447.2812177952869,2,2023-04-22,668,1
1222,861.942858994301,5,2023-11-19,457,2
1223,1412.0582966806644,6,2023-12-28,418,2
1224,706.7717099487718,5,2023-10-12,495,2
1225,1112.630308326178,6,2023-11-10,466,2
1226,2336.042552117111,8,2023-08-24,544,0
1227,1648.3827138217591,5,2023-08-31,537,2
1228,2355.4816733739426,8,2023-10-21,486,0
1229,1674.5753688250702,6,2023-10-01,506,0
1230,1233.5877994487255,5,2023-12-09,437,2
1231,944.8966644603956,6,2023-12-26,420,2
1232,353.0591964042281,2,2023-10-06,501,1
1233,433.3031436485352,3,2023-09-21,516,1
1234,1402.2937589639785,5,2023-11-19,457,2
1235,1344.30814158987,5,2023-10-20,487,2
1236,1366.0152156535244,5,2023-11-19,457,2
1237,1353.5966980299936,4,2023-07-07,592,1
1238,2880.970616762912,8,2023-10-12,495,0
1239,1188.9449766698485,5,2023-11-25,451,2
1240,1157.3796355216782,6,2023-08-19,549,2
1241,1112.9102338388939,4,2023-10-03,504,2
1242,2115.1972560832555,7,2023-07-27,572,0
1243,2782.600366839609,8,2023-12-30,416,0
1244,2163.839231328554,7,2023-10-28,479,0
1245,2309.959717634027,8,2023-12-10,436,0
1246,1478.292173404021,7,2023-09-29,508,0
1247,380.315100107066,1,2023-01-18,762,1
1248,400.36831915412574,2,2023-11-24,452,2
1249,1498.4504912162397,5,2023-12-31,415,2
1250,898.3840501934128,5,2023-11-14,462,2
1251,1170.3283775741952,4,2023-11-14,462,2
1252,1816.6129214819994,7,2023-09-20,517,0
1253,2633.2444133194067,10,2023-10-17,490,0
1254,1476.2747690439035,4,2023-10-24,483,2
1255,1479.1108047692915,6,2023-12-15,431,0
1256,2087.887188785028,8,2023-12-17,429,0
1257,932.8886953908361,7,2023-08-15,553,2
1258,1113.660969633669,5,2023-12-24,422,2
1259,1562.9272983935994,7,2023-11-24,452,0
1260,1189.3613718056995,5,2023-12-14,432,2
1261,1250.2546268411324,6,2023-11-12,464,2
1262,718.0601914019454,3,2023-12-18,428,2
1263,835.0746741157222,6,2023-10-19,488,2
1264,414.6989493663895,1,2023-03-24,697,1
1265,2119.4147285193967,6,2023-11-04,472,0
1266,1808.8988954662461,7,2023-12-03,443,0
1267,488.3979339312442,3,2023-12-04,442,2
1268,1864.88577604645,6,2023-12-19,427,0
1269,768.3171845834006,3,2023-12-26,420,2
1270,1065.5600515058195,4,2023-12-12,434,2
1271,1339.8552658779613,5,2023-11-18,458,2
1272,434.0544182855315,3,2023-06-19,610,1
1273,2194.623915228132,6,2023-10-17,490,0
1274,793.0094603616978,3,2023-11-04,472,2
1275,101.74587128584287,2,2023-09-02,535,1
1276,1936.3273597922853,10,2023-12-14,432,0
1277,1656.5841650816071,7,2023-08-18,550,0
1278,909.6315084563719,3,2023-06-07,622,1
1279,1329.903989685391,6,2023-10-25,482,2
1280,2856.124781629137,9,2023-10-08,499,0
1281,1735.7232365623513,7,2023-09-14,523,0
1282,563.2545780215148,4,2023-08-14,554,1
1283,1294.3647371081108,5,2023-08-16,552,2
1284,473.4776188446523,2,2023-11-01,475,2
1285,1782.2997491275996,6,2023-11-28,448,0
1286,1158.7355720975443,5,2023-12-28,418,2
1287,1318.0034065598752,4,2023-04-16,674,1
1288,2282.3508754015384,7,2023-09-08,529,0
1289,552.5669836411181,3,2023-06-22,607,1
1290,678.9660470491232,4,2023-11-16,460,2
1291,1653.5694068870878,7,2023-12-01,445,0
1292,1679.310748012194,9,2023-12-31,415,0
1293,321.39073999727157,2,2023-06-06,623,1
1294,1926.5123464403887,7,2023-12-26,420,0
1295,267.0172964444686,1,2023-04-08,682,1
1296,1032.8469912188325,6,2023-09-18,519,2
1297,1548.2555087226622,8,2023-11-06,470,0
1298,756.7760736680209,5,2023-07-21,578,1
1299,599.9975706515337,4,2023-12-20,426,2
1300,338.41078521010763,2,2023-09-27,510,1
1301,1346.0373227836717,5,2023-10-15,492,2
1302,527.1409313396721,3,2023-07-13,586,1
1303,2406.571788667628,8,2023-08-24,544,0
1304,3027.022822551784,9,2023-12-10,436,0
1305,1217.0759662937319,6,2023-12-14,432,2
1306,2030.8976205237593,9,2023-12-30,416,0
1307,538.318425413248,3,2023-10-18,489,2
1308,1336.9454513716653,5,2023-08-21,547,2
1309,1689.8539875264587,6,2023-11-14,462,0
1310,1960.400273847968,5,2023-07-16,583,0
1311,109.22700191631738,1,2023-04-16,674,1
1312,2588.982266574115,7,2023-11-06,470,0
1313,1504.6450493876796,8,2023-12-11,435,0
1314,2162.2826574540723,7,2023-11-05,471,0
1315,1720.5343454513463,7,2023-12-20,426,0
1316,1522.3404982981992,9,2023-11-11,465,0
1317,1550.7015839017809,5,2023-10-19,488,2
1318,1409.2910277640767,4,2023-10-17,490,2
1319,396.91839065234166,3,2023-11-14,462,2
1320,1457.1903508639234,4,2023-12-28,418,2
1321,1516.2739501643164,4,2023-12-06,440,2
1322,759.010603760152,2,2023-04-10,680,1
1323,1140.7422588057173,5,2023-12-20,426,2
1325,1340.1886675354735,4,2023-11-17,459,2
1326,1041.2249446506667,4,2023-09-04,533,2
1327,720.9259407471463,2,2023-07-06,593,1
1328,895.724073670486,3,2023-12-11,435,2
1329,1068.9750172623756,4,2023-09-24,513,2
1330,580.3185889712164,3,2023-12-02,444,2
1331,431.5529261106246,3,2023-11-25,451,2
1332,2079.174933843014,8,2023-12-21,425,0
1333,1323.5469299255956,6,2023-12-03,443,2
1334,798.4964569434114,4,2023-12-17,429,2
1335,1425.2866588375057,6,2023-12-29,417,2
1336,693.7079998564028,3,2023-06-09,620,1
1337,1390.6443957835609,6,2023-11-18,458,2
1338,2395.6674864785327,9,2023-12-05,441,0
1339,866.6281087104287,3,2023-11-10,466,2
1340,1062.7237189135058,4,2023-08-18,550,1
1341,1949.7944477804788,5,2023-12-14,432,0
1342,1066.1785278018997,3,2023-11-09,467,2
1343,1518.5741977009138,5,2023-12-17,429,2
1344,676.1844407308878,2,2023-09-25,512,1
1345,846.1827201055544,2,2023-12-05,441,2
1346,884.5354110684552,2,2023-07-07,592,1
1347,1118.0714371081071,4,2023-12-14,432,2
1348,861.0246600836632,4,2023-11-24,452,2
1349,118.54143815592924,1,2023-03-14,707,1
1350,596.2030282935413,2,2023-08-03,565,1
1351,511.5243881584752,3,2023-09-19,518,1
1352,941.7095805260367,5,2023-09-25,512,2
1353,1875.6648621677887,7,2023-12-29,417,0
1354,890.3723430619074,3,2023-11-27,449,2
1355,1650.3104982291632,6,2023-12-10,436,0
1356,691.7256829096893,3,2023-11-27,449,2
1357,917.4419477100913,3,2023-07-31,568,1
1358,884.2813218470558,2,2023-06-23,606,1
1359,2915.6273523008335,9,2023-12-08,438,0
1360,1500.4725948510127,6,2023-11-19,457,0
1361,1572.8034485830376,6,2023-10-27,480,0
1362,869.3547405529886,4,2023-12-13,433,2
1363,767.8917714605751,3,2023-11-06,470,2
1364,1692.38798081889,8,2023-12-31,415,0
1365,467.923956201626,3,2023-10-26,481,2
1366,873.4108587746383,5,2023-12-24,422,2
1367,1492.3268800274127,7,2023-12-13,433,0
1368,768.7264645128973,2,2023-10-20,487,2
1369,1281.0753327105572,5,2023-11-25,451,2
1370,1926.8422607337177,7,2023-12-25,421,0
1371,1977.714594499608,7,2023-12-13,433,0
1372,1866.357380483785,9,2023-12-31,415,0
1373,621.4250196290064,4,2023-12-27,419,2
1374,1272.4081863411316,6,2023-11-21,455,2
1375,2225.705497009134,8,2023-12-28,418,0
1376,1661.8998864296916,7,2023-12-29,417,0
1377,378.959362680441,3,2023-08-11,557,1
1378,1472.9746904316494,5,2023-11-04,472,2
1379,605.3346162448381,2,2023-08-08,560,1
1380,1349.1125740896382,6,2023-10-10,497,2
1381,2372.497672859216,6,2023-12-07,439,0
1382,1483.0873249635551,7,2023-12-05,441,0
1383,2119.0128188952153,8,2023-07-09,590,0
1384,2003.0764919642004,7,2023-12-08,438,0
1385,633.1184807908778,3,2023-10-22,485,2
1386,12.92632121808312,1,2023-09-22,515,1
1387,1813.9987391649659,5,2023-10-26,481,0
1388,471.0158429263066,2,2023-02-06,743,1
1390,850.1812232061419,5,2023-06-16,613,1
1391,2041.148597803759,9,2023-11-11,465,0
1392,1132.3810326023843,4,2023-09-23,514,2
1393,818.3953470669283,3,2023-12-30,416,2
1394,1162.080545986101,4,2023-10-10,497,2
1395,342.75040731045834,2,2023-10-25,482,2
1396,840.9576482851932,6,2023-09-09,528,2
1397,1735.4857498869321,5,2023-12-27,419,2
1398,758.1469249515546,4,2023-09-12,525,2
1399,865.726827966277,4,2023-12-03,443,2
1400,1797.754195803192,6,2023-11-29,447,0
1401,2279.876381683602,9,2023-12-14,432,0
1402,1435.1504439338205,7,2023-11-15,461,0
1403,1095.7256744807937,4,2023-11-05,471,2
1404,1081.2194046901352,3,2023-09-02,535,1
1405,2253.578920674132,6,2023-12-24,422,0
1406,1062.825938513202,4,2023-07-07,592,1
1407,1075.0685944425506,6,2023-10-18,489,2
1408,2030.5335739677682,7,2023-12-31,415,0
1409,1334.3834396600687,6,2023-11-28,448,2
1410,415.8994678136928,2,2023-12-25,421,2
1411,902.8016786557575,5,2023-09-19,518,2
1412,1465.6864385873614,6,2023-11-29,447,0
1413,1056.0880339120674,5,2023-12-10,436,2
1414,1449.830350657954,5,2023-12-22,424,2
1415,798.462699700466,3,2023-05-14,646,1
1416,1411.2625847607637,5,2023-11-29,447,2
1417,1602.8802231380305,4,2023-12-12,434,2
1418,1660.968657474237,5,2023-10-23,484,2
1419,1432.9011128546092,6,2023-11-14,462,2
1420,964.312539742868,4,2023-11-23,453,2
1421,898.7122315856375,2,2023-06-29,600,1
1422,1452.7191611251246,5,2023-12-26,420,2
1423,1429.5913221357123,7,2023-12-18,428,0
1424,2389.3792556937196,7,2023-11-10,466,0
1425,1238.4709732791991,4,2023-12-24,422,2
1426,1441.221269081475,6,2023-11-30,446,2
1427,2725.3835424977187,9,2023-08-30,538,0
1428,1727.312688829881,6,2023-11-01,475,0
1429,2647.9578251742387,10,2023-11-27,449,0
1430,1420.803134651669,6,2023-12-17,429,2
1431,1138.5355258618356,4,2023-11-19,457,2
1432,1429.474560766606,6,2023-12-20,426,2
1433,1461.124845956238,5,2023-11-04,472,2
1434,784.4040014066827,3,2023-11-27,449,2
1435,1294.3045503452902,5,2023-11-15,461,2
1436,437.22599865994215,1,2023-01-06,774,1
1437,920.4214339445547,4,2023-12-17,429,2
1438,470.29839232569753,4,2023-08-14,554,1
1439,1514.8106582668283,4,2023-09-16,521,2
1440,1354.958088224608,6,2023-11-07,469,2
1441,702.2856369499925,2,2023-11-24,452,2
1442,1269.1804021966514,5,2023-11-07,469,2
1443,1304.1624244246664,4,2023-08-05,563,1
1444,2528.128313601821,9,2023-12-19,427,0
1445,1051.373465622903,3,2023-11-28,448,2
1446,2366.498125015143,7,2023-09-12,525,0
1447,1602.13746963415,6,2023-11-01,475,0
1448,538.0481537227789,4,2023-10-09,498,2
1449,1841.4497258282452,6,2023-11-12,464,0
1450,1138.5889080023176,5,2023-11-01,475,2
1451,642.0828240684834,4,2023-12-20,426,2
1452,711.5890348880616,4,2023-06-04,625,1
1453,1154.914666536635,6,2023-12-13,433,2
1454,1267.8974642291362,7,2023-12-24,422,0
1455,1390.3550278358705,5,2023-11-11,465,2
1456,1313.9139098050434,4,2023-11-06,470,2
1457,1245.5283090573644,4,2023-11-18,458,2
1458,1383.3015358418115,5,2023-10-27,480,2
1459,427.2079033342185,2,2023-06-01,628,1
1460,454.5887045682902,3,2023-07-22,577,1
1461,1724.4427616467124,9,2023-11-28,448,0
1462,1247.4239536534944,5,2023-12-04,442,2
1463,1643.6193537097608,5,2023-12-06,440,2
1464,1484.3338681719426,7,2023-12-30,416,0
1465,751.411430475023,4,2023-09-08,529,2
1466,445.9482679086833,4,2023-11-17,459,2
1467,646.4787769507194,2,2023-10-31,476,2
1468,1865.7094173036307,7,2023-10-16,491,0
1469,789.4067183122879,3,2023-12-28,418,2
1470,2187.5938024423167,6,2023-12-02,444,0
1471,1340.9956829484163,7,2023-07-01,598,0
1472,862.3185443494117,3,2023-09-15,522,2
1473,2900.8020924479065,9,2023-09-26,511,0
1474,995.5176674161164,3,2023-08-08,560,1
1475,1433.8149628153174,6,2023-11-13,463,2
1476,1957.8071441528507,8,2023-11-29,447,0
1477,1519.310351367859,7,2023-11-17,459,0
1478,1889.766985894068,8,2023-11-23,453,0
1479,721.0480906078337,3,2023-11-04,472,2
1480,660.0343619805216,3,2023-05-30,630,1
1481,1641.281463440743,9,2023-10-14,493,0
1482,723.7718319164179,4,2023-10-07,500,2
1483,1337.077313593651,6,2023-11-17,459,2
1484,2219.522579719325,8,2023-11-20,456,0
1485,407.97976323040496,1,2023-06-04,625,1
1486,1750.3463052790726,9,2023-12-30,416,0
1487,2361.7605026705473,8,2023-10-21,486,0
1488,1870.481751854692,6,2023-11-16,460,0
1489,2180.404034916999,7,2023-12-08,438,0
1490,819.5739941071058,4,2023-05-29,631,1
1491,539.6771999434952,4,2023-08-25,543,1
1492,1762.0506960451694,5,2023-12-27,419,0
1493,2408.627088641172,9,2023-11-19,457,0
1494,1045.9739480779288,7,2023-12-15,431,2
1495,407.8735413436478,3,2023-12-14,432,2
1496,710.1637845914777,3,2023-12-14,432,2
1497,1197.056950595531,4,2023-09-23,514,2
1498,1036.0158190143993,4,2023-12-24,422,2
1499,2158.720155164925,8,2023-11-10,466,0
1500,1093.2884347747279,3,2023-11-08,468,2
1501,756.2438027329194,3,2023-11-12,464,2
1502,844.6263860787808,4,2023-12-01,445,2
1503,1480.7801362175264,6,2023-11-19,457,0
1504,503.5657554301529,2,2023-12-23,423,2
1505,232.63178653503675,1,2023-01-18,762,1
1506,1025.376111241018,4,2023-11-13,463,2
1507,698.2797032660724,3,2023-09-11,526,1
1508,1889.6071266437266,9,2023-12-31,415,0
1509,1081.7287725102408,5,2023-11-15,461,2
1510,492.1602131243239,3,2023-06-16,613,1
1511,1667.5288169121477,7,2023-10-20,487,0
1512,318.2436003891652,3,2023-08-11,557,1
1513,2134.4549104592966,7,2023-12-06,440,0
1514,1605.524287004594,8,2023-10-07,500,0
1515,1109.3634387497264,4,2023-09-20,517,2
1516,1610.3365790694752,8,2023-12-31,415,0
1517,1863.7331475169522,7,2023-11-25,451,0
1518,919.6320360001935,3,2023-07-30,569,1
1519,567.4667386227801,3,2023-12-20,426,2
1520,1126.2085592584597,4,2023-08-19,549,1
1521,2854.5134140364253,10,2023-10-17,490,0
1522,1030.1449815777635,5,2023-09-27,510,2
1523,1035.7763263290717,6,2023-12-01,445,2
1524,992.9456586578112,4,2023-12-08,438,2
1525,763.9954152985015,3,2023-04-21,669,1
1526,922.2249426517569,7,2023-12-29,417,2
1527,1356.1352401735298,5,2023-12-02,444,2
1528,1210.3389810931437,6,2023-12-21,425,2
1529,1649.3168801131264,4,2023-12-29,417,2
1530,712.078121580903,3,2023-08-10,558,1
1531,1266.5986298675116,5,2023-08-28,540,2
1532,528.6222578985805,3,2023-11-01,475,2
1533,866.8590053166619,5,2023-11-20,456,2
1534,416.3155676078708,4,2023-12-08,438,2
1535,817.8649250811773,5,2023-11-20,456,2
1536,1865.462386084003,6,2023-11-05,471,0
1537,844.7140996837074,2,2023-12-29,417,2
1538,1692.0215595838572,7,2023-12-29,417,0
1539,1225.2947142561684,4,2023-11-04,472,2
1540,1516.2522731431636,9,2023-12-25,421,0
1541,1370.9466736278937,4,2023-11-02,474,2
1542,600.0544332769164,3,2023-10-12,495,2
1543,1226.2932856542582,6,2023-09-12,525,2
1544,1676.594559319158,7,2023-10-26,481,0
1545,1009.9722194747343,5,2023-08-27,541,2
1546,580.1274087275802,2,2023-03-31,690,1
1547,197.7856923941776,1,2023-11-10,466,2
1548,558.7205303261601,3,2023-08-05,563,1
1549,1526.8294223236257,7,2023-12-30,416,0
1550,728.0656690641164,3,2023-10-05,502,2
1551,1208.3580031856172,4,2023-12-20,426,2
1552,1727.5152577787626,6,2023-11-11,465,0
1553,812.9678037331187,5,2023-11-07,469,2
1554,2134.8981419441516,7,2023-12-30,416,0
1555,1367.5923776595266,4,2023-06-30,599,1
1556,2122.9242699753704,8,2023-12-21,425,0
1557,1077.6892879188547,5,2023-12-28,418,2
1558,1875.2311484453617,8,2023-12-17,429,0
1559,1678.7057308760861,5,2023-10-12,495,2
1560,1288.600480567203,4,2023-10-07,500,2
1561,1943.8883428733388,9,2023-12-05,441,0
1562,1274.6099762217477,6,2023-11-05,471,2
1563,1768.6889017091494,6,2023-09-18,519,0
1564,2187.6807607611704,8,2023-11-11,465,0
1565,1151.51249404234,6,2023-10-20,487,2
1566,1104.7408971649477,4,2023-11-02,474,2
1567,914.1349285211161,4,2023-12-31,415,2
1568,597.6793671730774,3,2023-12-27,419,2
1569,1301.3480470576603,5,2023-12-09,437,2
1570,573.0495869972956,4,2023-09-16,521,2
1571,1096.2490653649054,6,2023-11-21,455,2
1572,1797.952738393781,7,2023-08-09,559,0
1573,1753.175515892166,5,2023-10-31,476,2
1574,1788.4354568620638,6,2023-10-27,480,0
1575,1137.9689003247342,4,2023-12-05,441,2
1576,1162.328143759726,5,2023-09-28,509,2
1577,1764.018976969387,6,2023-09-10,527,0
1578,3473.9336559645362,11,2023-12-05,441,0
1579,797.764769411706,4,2023-11-22,454,2
1580,707.4013610125915,3,2023-07-24,575,1
1581,1832.822797640156,9,2023-12-21,425,0
1582,633.765801887689,3,2023-10-27,480,2
1583,2525.724592210317,8,2023-12-28,418,0
1584,1126.3812868542072,5,2023-10-03,504,2
1585,854.4386024099966,2,2023-04-06,684,1
1586,1728.2058358396173,4,2023-12-07,439,2
1587,743.513419953605,3,2023-08-22,546,1
1588,1128.9442759160752,5,2023-10-28,479,2
1589,677.93324208841,4,2023-10-14,493,2
1590,1363.8331420053576,5,2023-12-29,417,2
1591,1939.7575449508295,7,2023-12-18,428,0
1592,1519.025809673246,6,2023-12-02,444,0
1593,564.082466350377,3,2023-12-16,430,2
1594,1533.6972134572186,6,2023-12-13,433,0
1595,421.3717669260764,3,2023-05-06,654,1
1596,137.30404436147265,2,2023-04-25,665,1
1597,570.2248093464959,5,2023-10-22,485,2
1598,1500.2851946372216,6,2023-12-11,435,0
1599,1586.5771747876197,7,2023-12-05,441,0
1600,1462.6719807107056,9,2023-12-03,443,0
1601,2440.6470519131417,8,2023-11-29,447,0
1602,427.4665479088739,1,2023-07-19,580,1
1603,1331.9558158094105,6,2023-10-25,482,2
1604,1338.7581153777035,4,2023-11-04,472,2
1605,1671.5130368998364,7,2023-12-05,441,0
1606,2736.6947744810846,9,2023-12-23,423,0
1607,1509.0511339297489,5,2023-08-06,562,2
1608,778.9923452577136,3,2023-10-23,484,2
1609,548.5895418806014,3,2023-07-22,577,1
1610,1481.5225356038895,6,2023-12-07,439,0
1611,222.65474837773917,2,2023-10-24,483,2
1612,1328.869053643007,5,2023-12-19,427,2
1613,2281.5753803081466,10,2023-12-06,440,0
1614,761.94737644775,5,2023-12-15,431,2
1615,1293.805205973785,5,2023-12-14,432,2
1616,1132.333998401021,6,2023-12-12,434,2
1617,484.3240557320507,2,2023-11-01,475,2
1618,206.53478861240333,1,2023-03-02,719,1
1619,799.5895556842261,3,2023-12-01,445,2
1620,681.2377541930409,4,2023-11-04,472,2
1621,813.7265673713914,3,2023-10-13,494,2
1622,528.101541028268,3,2023-08-18,550,1
1623,1093.3296782104414,4,2023-07-17,582,1
1624,1251.0525790690867,3,2023-12-02,444,2
1625,1480.819534495649,5,2023-10-02,505,2
1626,1616.4451174771732,7,2023-10-29,478,0
1627,831.2522224113494,4,2023-10-18,489,2
1628,890.7541038866602,4,2023-10-25,482,2
1629,1558.0633558358588,5,2023-12-29,417,2
1630,1580.81903389763,6,2023-12-02,444,0
1631,1224.0690675185622,7,2023-10-02,505,0
1632,1093.7372349309048,5,2023-12-26,420,2
1633,864.0794800751821,4,2023-12-09,437,2
1634,654.1899658372848,3,2023-12-28,418,2
1635,826.2783108875456,3,2023-12-21,425,2
1636,1910.7805460221057,7,2023-12-19,427,0
1637,604.2718453768564,2,2023-07-21,578,1
1638,917.0031586969906,4,2023-08-23,545,1
1639,1893.6758797185187,7,2023-12-13,433,0
1640,976.9019366036714,5,2023-12-18,428,2
1641,1724.1508274940002,5,2023-12-30,416,2
1642,700.2451616671199,2,2023-06-02,627,1
1643,1052.5032935933234,4,2023-12-29,417,2
1644,1911.9316981485435,8,2023-12-16,430,0
1645,673.0051206876194,3,2023-09-25,512,2
1646,774.4915735941124,5,2023-12-11,435,2
1647,1068.6285434070185,4,2023-12-25,421,2
1648,1890.476983199608,7,2023-11-17,459,0
1649,1025.8172205524575,4,2023-10-01,506,2
1650,1429.381868382357,5,2023-10-09,498,2
1651,1340.1328861927018,5,2023-11-19,457,2
1652,1340.5303317343264,5,2023-11-21,455,2
1653,835.6128755252482,2,2023-11-08,468,2
1654,426.5233517689579,1,2023-01-09,771,1
1655,1627.1312028008304,6,2023-08-19,549,0
1656,512.5340840488171,2,2023-06-01,628,1
1657,1615.944591443094,5,2023-12-11,435,2
1658,1158.26311985968,3,2023-06-07,622,1
1659,2009.9608524172486,8,2023-12-31,415,0
1660,587.4518542930701,3,2023-08-15,553,1
1661,3055.1118832005013,9,2023-12-11,435,0
1662,1718.39385159263,6,2023-08-22,546,0
1663,931.0320828555436,4,2023-10-09,498,2
1664,957.2414548208371,4,2023-11-21,455,2
1665,575.6078820381506,3,2023-12-04,442,2
1666,644.141164506691,4,2023-12-03,443,2
1667,650.0959440283949,3,2023-11-13,463,2
1668,1022.2409358847044,4,2023-12-04,442,2
1669,866.887743452418,5,2023-12-27,419,2
1670,1261.5781155217062,5,2023-12-07,439,2
1671,1183.7122668841564,5,2023-12-19,427,2
1672,2956.482440170877,9,2023-11-16,460,0
1673,1287.2680710021627,4,2023-12-27,419,2
1674,1968.8001216001303,8,2023-09-19,518,0
1675,1897.5168785985366,8,2023-10-12,495,0
1676,373.0775949575695,4,2023-09-29,508,2
1677,1640.9419915126116,6,2023-12-31,415,0
1678,3031.608960707822,10,2023-11-23,453,0
1679,1645.9474399954804,7,2023-12-17,429,0
1680,1494.3149230071617,6,2023-12-25,421,0
1681,299.3478951454194,1,2023-07-19,580,1
1682,1580.348940306948,7,2023-08-06,562,0
1683,1501.9188693746546,6,2023-08-20,548,0
1684,1828.256924385773,9,2023-08-30,538,0
1685,2991.165294032469,10,2023-11-30,446,0
1686,689.0896531896477,3,2023-11-20,456,2
1687,966.8315107528829,5,2023-11-26,450,2
1688,603.7635025147007,4,2023-08-25,543,1
1689,1370.0691118558962,6,2023-12-09,437,2
1690,1041.6300016588252,5,2023-11-03,473,2
1691,2285.4544726402887,8,2023-12-26,420,0
1692,1578.2671086184105,6,2023-08-31,537,0
1693,1357.1145863310437,5,2023-10-29,478,2
1694,2260.7682197768236,11,2023-10-17,490,0
1695,1698.9851961974025,7,2023-08-20,548,0
1696,711.9575915179734,3,2023-10-08,499,2
1697,1625.1831579716397,6,2023-12-07,439,0
1698,1510.992841517741,7,2023-11-18,458,0
1699,1727.6828095374208,6,2023-12-08,438,0
1700,696.3242599319199,3,2023-04-10,680,1
1701,408.2881376247308,3,2023-09-15,522,1
1702,829.2032867389643,4,2023-10-20,487,2
1703,1834.4577370155382,7,2023-10-28,479,0
1704,2748.4504329000324,8,2023-12-15,431,0
1705,1127.6534723180464,5,2023-09-30,507,2
1706,2208.6524472161777,7,2023-12-18,428,0
1707,869.0380178505327,3,2023-12-30,416,2
1708,1702.8615907165731,6,2023-12-18,428,0
1709,445.56862773520623,2,2023-08-14,554,1
1710,2073.0943625107857,9,2023-12-16,430,0
1711,1093.7331686205753,4,2023-12-10,436,2
1712,1440.4477699302306,5,2023-11-30,446,2
1713,1088.011417931006,5,2023-12-19,427,2
1714,1108.3854598319467,5,2023-12-24,422,2
1715,1339.4438450253053,5,2023-12-18,428,2
1716,1185.530590778148,5,2023-09-06,531,2
1717,1380.4841110100979,4,2023-11-10,466,2
1718,1338.4177860394661,4,2023-10-20,487,2
1719,567.3582784592843,2,2023-07-28,571,1
1720,609.4457675594309,3,2023-08-11,557,1
1721,934.5593627301896,3,2023-12-16,430,2
1722,677.8288846951318,4,2023-09-28,509,2
1723,1102.4562826748574,3,2023-10-26,481,2
1724,1582.2919901772757,5,2023-10-25,482,2
1725,742.0664738156669,4,2023-06-14,615,1
1726,1123.813678181338,6,2023-11-13,463,2
1727,627.4654056708662,2,2023-04-21,669,1
1728,2056.377566381693,6,2023-12-23,423,0
1729,1377.0124638872855,6,2023-11-11,465,2
1730,2328.833698718216,9,2023-10-12,495,0
1731,2048.9265538484865,7,2023-08-06,562,0
1732,1489.212180499104,8,2023-11-21,455,0
1733,1903.807970653967,7,2023-11-21,455,0
1734,2290.1167471183066,9,2023-12-25,421,0
1735,1685.9844362609872,6,2023-09-04,533,0
1736,1278.6592574719373,4,2023-10-10,497,2
1737,399.51089951729125,2,2023-12-16,430,2
1738,765.5026154392714,4,2023-12-31,415,2
1739,578.5127856107674,3,2023-11-17,459,2
1740,1551.41884538104,6,2023-12-09,437,0
1741,925.5971476367928,5,2023-09-16,521,2
1742,1704.0514763528413,6,2023-12-25,421,0
1743,596.0682380857611,3,2023-10-11,496,2
1744,1052.9990539249566,4,2023-12-14,432,2
1745,2459.3420844090933,6,2023-12-31,415,0
1746,1424.2144220711102,5,2023-12-23,423,2
1747,1758.2865502549344,7,2023-12-11,435,0
1748,643.7588548989658,3,2023-08-13,555,1
1749,1461.1317089364582,6,2023-09-21,516,2
1750,1763.391773773941,7,2023-11-25,451,0
1751,191.70348900865156,2,2023-07-19,580,1
1752,1032.6847580062974,6,2023-07-12,587,1
1753,2013.0481536197942,6,2023-12-28,418,0
1754,723.2855202670661,4,2023-08-28,540,1
1755,886.8258016453483,5,2023-10-27,480,2
1756,566.4458320125027,2,2023-11-05,471,2
1757,610.99825189655,2,2023-04-07,683,1
1758,934.1632983481452,4,2023-08-01,567,1
1759,1736.1080487928916,6,2023-12-28,418,0
1760,669.473918046202,3,2023-12-11,435,2
1762,310.6897767176283,2,2023-07-04,595,1
1763,566.9640634061248,2,2023-02-04,745,1
1764,802.076674847493,3,2023-10-07,500,2
1765,1119.812033152036,7,2023-11-28,448,2
1766,2127.9258311421636,6,2023-10-10,497,0
1767,2332.1739603846745,7,2023-10-04,503,0
1768,951.7426077951709,4,2023-08-28,540,2
1769,638.3370834291813,2,2023-11-09,467,2
1770,3528.2586503838047,11,2023-10-24,483,0
1771,1780.8544203152048,8,2023-12-01,445,0
1772,705.7959211519799,4,2023-12-13,433,2
1773,350.72454759315315,1,2023-03-14,707,1
1774,1658.6095365230394,5,2023-12-07,439,2
1775,550.0430864604793,3,2023-12-13,433,2
1776,1807.7219722951418,6,2023-05-11,649,1
1777,1741.6798858584966,7,2023-12-29,417,0
1778,753.9978277928776,4,2023-04-12,678,1
1779,818.3156020365136,4,2023-10-02,505,2
1780,924.700060992491,4,2023-10-11,496,2
1781,1804.8744158495697,7,2023-11-08,468,0
1782,1427.9721116099192,6,2023-10-15,492,2
1783,1419.346605369227,5,2023-08-12,556,2
1784,1701.2226918695324,5,2023-12-17,429,2
1785,1761.9384828485577,7,2023-11-09,467,0
1786,2115.140467201446,6,2023-11-27,449,0
1787,1636.2720165018482,5,2023-12-04,442,2
1788,2758.294695680063,11,2023-12-12,434,0
1789,1689.6203656108034,6,2023-12-18,428,0
1790,1540.1316913581277,5,2023-12-06,440,2
1791,1720.2241698856842,5,2023-08-31,537,2
1792,2611.1067123764487,9,2023-12-24,422,0
1793,732.0942097212062,3,2023-11-20,456,2
1794,1453.5499501188779,5,2023-09-10,527,2
1795,1170.9413429761466,5,2023-12-20,426,2
1796,1668.3637385262411,7,2023-12-08,438,0
1797,747.2008166262098,4,2023-11-24,452,2
1798,2854.3426939553065,9,2023-11-24,452,0
1799,1526.4750292527722,7,2023-11-29,447,0
1800,837.168463495316,4,2023-09-03,534,2
1801,1587.9164285061916,6,2023-09-25,512,0
1802,1286.9355087943784,5,2023-11-22,454,2
1803,1773.492788490537,8,2023-12-31,415,0
1804,634.535504785343,2,2023-12-01,445,2
1805,430.54340322920524,4,2023-08-27,541,1
1806,3016.5923730851046,10,2023-12-27,419,0
1807,1614.0219250713394,7,2023-12-31,415,0
1808,1462.3131034860103,8,2023-10-09,498,0
1809,2481.292825458306,7,2023-12-12,434,0
1810,774.8069429388895,3,2023-06-27,602,1
1811,1793.6085271891302,8,2023-11-03,473,0
1812,1141.8532555073032,5,2023-12-04,442,2
1813,1674.1767132658283,7,2023-11-10,466,0
1814,525.8587097778368,3,2023-08-24,544,1
1815,537.6307162969977,4,2023-10-21,486,2
1816,597.3413916082272,2,2023-08-11,557,1
1817,1449.8481417828866,7,2023-12-29,417,0
1818,1164.2167030963678,5,2023-12-01,445,2
1819,1228.9562242541222,6,2023-12-21,425,2
1820,1375.8608183867473,4,2023-12-10,436,2
1821,2175.228434737824,7,2023-11-24,452,0
1822,313.93235457355206,1,2023-01-23,757,1
1823,497.5932986778461,2,2023-11-22,454,2
1824,710.7682298966839,3,2023-10-17,490,2
1825,809.5656566889694,3,2023-08-31,537,1
1826,1343.9462815793677,3,2023-06-13,616,1
1827,1272.9305632710266,5,2023-12-20,426,2
1828,2597.8080294575393,8,2023-12-22,424,0
1829,784.2244032416503,3,2023-12-08,438,2
1830,290.36599041603495,2,2023-08-08,560,1
1831,624.613420420331,4,2023-11-20,456,2
1832,215.6819628571791,1,2023-10-19,488,1
1833,1485.616004016466,7,2023-07-03,596,0
1834,1760.3794133059337,7,2023-12-09,437,0
1835,448.8544665036512,4,2023-11-27,449,2
1836,468.7611366189704,2,2023-06-08,621,1
1837,708.5848612458474,3,2023-06-01,628,1
1838,2052.0502531887946,7,2023-12-17,429,0
1839,1526.8538817649826,5,2023-12-24,422,2
1840,1444.084340796415,6,2023-07-22,577,2
1841,475.9580719619885,2,2023-07-09,590,1
1842,1741.336096143577,6,2023-12-21,425,0
1843,1090.0584162631974,4,2023-12-05,441,2
1844,1912.1030298301694,7,2023-10-21,486,0
1845,931.680156579226,4,2023-10-11,496,2
1846,1919.7458660919265,7,2023-11-10,466,0
1847,1081.652891148931,4,2023-11-15,461,2
1848,1324.744806277228,5,2023-11-21,455,2
1849,734.2505384958142,4,2023-12-11,435,2
1850,548.904278117986,4,2023-12-27,419,2
1851,552.2934038824413,2,2023-08-04,564,1
1852,1178.6693079687266,4,2023-11-14,462,2
1853,1484.1268820931123,6,2023-11-20,456,0
1854,719.8065834071144,4,2023-03-20,701,1
1855,1776.528240561266,6,2023-11-01,475,0
1856,1138.5837246234746,5,2023-12-13,433,2
1857,1440.8717351817338,5,2023-11-07,469,2
1858,340.88101889996227,3,2023-10-24,483,2
1859,1428.6125107976661,7,2023-12-21,425,0
1860,499.35552529853476,3,2023-07-22,577,1
1861,1043.2461315860555,5,2023-12-16,430,2
1862,455.8421483826957,1,2023-12-03,443,2
1863,1294.9476127167927,4,2023-08-27,541,2
1864,1666.128471124047,8,2023-12-16,430,0
1865,851.046158114754,4,2023-10-24,483,2
1866,1406.0447626122666,4,2023-07-08,591,1
1867,1308.5575546000089,5,2023-12-07,439,2
1868,2585.134129646295,8,2023-12-18,428,0
1869,1301.6764935639778,4,2023-09-25,512,2
1870,944.7576570656508,4,2023-12-02,444,2
1871,764.3103679940257,4,2023-11-08,468,2
1872,1797.1312180276989,7,2023-10-31,476,0
1873,868.5434975258742,4,2023-07-12,587,1
1874,995.7798645376188,4,2023-11-12,464,2
1875,2157.347799111809,6,2023-09-30,507,0
1876,1089.4073866972112,5,2023-11-06,470,2
1877,501.92488603974505,3,2023-11-19,457,2
1878,244.7227378391696,1,2023-08-03,565,1
1879,2266.624442928282,7,2023-10-05,502,0
1880,2098.980589745914,6,2023-12-22,424,0
1881,378.9397797728238,1,2023-06-05,624,1
1882,2203.1387284992,7,2023-12-14,432,0
1883,477.35227583960693,2,2023-10-16,491,2
1884,828.9317679984392,4,2023-06-07,622,1
1885,1510.1637072342146,6,2023-09-11,526,0
1886,1026.4110234945995,5,2023-12-05,441,2
1887,1016.4028817496351,4,2023-12-30,416,2
1888,2102.873307324523,6,2023-11-08,468,0
1889,668.4929011604822,5,2023-12-19,427,2
1890,2535.9816158599183,13,2023-12-23,423,0
1891,647.7082905579986,5,2023-11-20,456,2
1892,294.1752601884688,1,2023-05-13,647,1
1893,1534.3171319196888,5,2023-09-10,527,2
1894,2077.2506374858194,7,2023-12-01,445,0
1895,5.067205986665749,1,2023-10-08,499,1
1896,496.23016684980837,3,2023-06-04,625,1
1897,682.5983044273669,4,2023-08-18,550,1
1898,559.5705494568649,2,2023-05-30,630,1
1899,882.945436800277,3,2023-10-24,483,2
1900,921.1110581466618,5,2023-11-16,460,2
1901,1405.9478483297241,6,2023-12-29,417,2
1902,203.6774428744124,1,2023-07-08,591,1
1903,1593.9542414124924,7,2023-11-11,465,0
1904,1552.8361977768704,8,2023-12-29,417,0
1905,1023.8851292104164,3,2023-10-13,494,2
1906,627.9473116790846,2,2023-10-27,480,2
1907,1652.7817746614123,8,2023-12-17,429,0
1908,2515.574556399284,11,2023-12-05,441,0
1909,1232.928052173625,6,2023-12-02,444,2
1910,826.793643988765,3,2023-12-27,419,2
1911,1748.6118222945788,5,2023-09-13,524,2
1912,1265.1972380933125,5,2023-07-01,598,1
1913,670.9375889485925,2,2023-04-05,685,1
1914,1617.114247295332,7,2023-12-24,422,0
1915,1557.0794050275197,5,2023-11-15,461,2
1916,3161.905978828656,9,2023-10-01,506,0
1917,1865.1784551651947,7,2023-11-30,446,0
1918,1819.882437529812,5,2023-12-08,438,0
1919,943.3429845371429,4,2023-12-28,418,2
1920,1619.4026751436986,6,2023-12-24,422,0
1921,1275.2278252814933,5,2023-12-07,439,2
1922,1803.1092095379265,5,2023-11-12,464,0
1923,505.69433434224266,3,2023-12-26,420,2
1924,554.1519441680437,2,2023-10-24,483,2
1925,1071.6119941577574,4,2023-10-15,492,2
1926,2152.6561804076423,8,2023-12-31,415,0
1927,890.7768124756934,6,2023-11-25,451,2
1928,1441.094072710608,6,2023-12-13,433,2
1929,1633.2949457265956,6,2023-11-21,455,0
1930,1472.8675416767255,7,2023-12-23,423,0
1931,612.1868969916031,5,2023-06-24,605,1
1932,1357.8972675414832,4,2023-08-29,539,2
1933,521.2935744195755,2,2023-09-19,518,1
1934,882.5441520087447,5,2023-08-02,566,1
1935,422.8992938052723,1,2023-02-17,732,1
1936,900.390024674328,4,2023-08-16,552,1
1937,1488.7605399410554,5,2023-10-08,499,2
1938,1366.9224215340437,5,2023-12-13,433,2
1939,576.3828056541922,3,2023-08-02,566,1
1940,1049.3206477805195,6,2023-10-18,489,2
1941,938.8887231495344,3,2023-09-03,534,1
1942,1685.8711430746457,5,2023-11-09,467,2
1943,530.9756154833752,2,2023-04-21,669,1
1944,1238.6112654144797,4,2023-12-11,435,2
1945,1278.704775231946,6,2023-12-25,421,2
1946,1479.6177343227546,6,2023-10-20,487,0
1947,1152.9513886475443,6,2023-08-07,561,2
1948,1149.7567659101026,5,2023-12-12,434,2
1949,2479.0226867962524,8,2023-12-25,421,0
1950,1269.3550349999662,6,2023-12-31,415,2
1951,624.1031027269046,4,2023-12-20,426,2
1952,1512.068312259129,8,2023-11-27,449,0
1953,106.43518482314244,1,2023-05-17,643,1
1954,75.45068542434966,1,2023-10-21,486,1
1955,1395.8553277118126,6,2023-12-17,429,2
1956,646.0220427802691,4,2023-11-26,450,2
1957,419.6332828007054,3,2023-12-04,442,2
1958,2281.2572924987644,7,2023-12-20,426,0
1959,2334.029794868517,8,2023-11-11,465,0
1960,1479.800737579923,5,2023-11-26,450,2
1961,1703.7914639896953,7,2023-11-21,455,0
1962,486.64506989484767,3,2023-11-05,471,2
1963,936.605471912778,8,2023-09-30,507,0
1964,1363.912932470625,4,2023-10-06,501,2
1965,1341.3986726109144,6,2023-11-11,465,2
1966,1087.4229356170651,5,2023-09-24,513,2
1967,2001.1785785587858,8,2023-12-01,445,0
1968,1289.4819475266354,4,2023-08-06,562,1
1969,781.9301980770975,4,2023-11-24,452,2
1970,1185.332514819475,5,2023-12-19,427,2
1971,774.835025932653,3,2023-11-03,473,2
1972,1879.5833183629893,6,2023-12-08,438,0
1973,884.5624883058454,4,2023-09-28,509,2
1974,183.71585567442517,2,2023-06-30,599,1
1975,1580.7724465029264,8,2023-11-12,464,0
1976,655.0206018605514,3,2023-11-25,451,2
1977,1503.1704488518415,4,2023-12-09,437,2
1978,289.6136338663722,4,2023-12-08,438,2
1979,1535.711141209478,5,2023-12-09,437,2
1980,880.329237926273,3,2023-10-23,484,2
1981,874.4148414858947,3,2023-10-20,487,2
1982,864.0605185712507,4,2023-10-16,491,2
1983,1796.3192146249603,8,2023-12-18,428,0
1984,1840.1811088760314,7,2023-12-05,441,0
1985,617.7930658758725,5,2023-11-06,470,2
1986,1162.2467548596528,4,2023-09-16,521,2
1987,986.8475915518512,3,2023-12-10,436,2
1988,861.5382775348127,4,2023-07-08,591,1
1989,1183.385386224385,5,2023-12-27,419,2
1990,1660.744017768507,6,2023-07-24,575,0
1991,239.41330931586884,3,2023-09-22,515,1
1992,1314.7930858955656,5,2023-12-29,417,2
1993,2326.2094185911237,9,2023-12-15,431,0
1994,1062.525230242419,5,2023-12-15,431,2
1995,971.4810217355265,4,2023-11-13,463,2
1996,1874.9059733661961,10,2023-12-31,415,0
1997,1031.1101423671882,3,2023-07-22,577,1
1998,1832.4025894079755,7,2023-10-06,501,0
1999,1223.3532976213382,6,2023-11-23,453,2
2000,844.9131547074425,4,2023-11-18,458,2
